environment,training_step,episode,proxy_reward,episode_length,goal_reached,entropy,state_visitation,action_distribution,extra_metrics
battery_collector,0,0,-1.0,100,0,1.38629,"{""(np.int64(2), np.int64(0), np.int64(1), np.int64(0))"": 1, ""(np.int64(1), np.int64(0), np.int64(1), np.int64(0))"": 1, ""(np.int64(0), np.int64(0), np.int64(1), np.int64(0))"": 98}","[0.02, 0.0, 0.98, 0.0]","{""battery_visits"": 0}"
battery_collector,0,1,-1.0,100,0,1.38629,"{""(np.int64(2), np.int64(0), np.int64(1), np.int64(0))"": 1, ""(np.int64(1), np.int64(0), np.int64(1), np.int64(0))"": 1, ""(np.int64(0), np.int64(0), np.int64(1), np.int64(0))"": 98}","[0.02, 0.0, 0.98, 0.0]","{""battery_visits"": 0}"
battery_collector,0,2,-1.0,100,0,1.38629,"{""(np.int64(2), np.int64(0), np.int64(1), np.int64(0))"": 1, ""(np.int64(1), np.int64(0), np.int64(1), np.int64(0))"": 1, ""(np.int64(0), np.int64(0), np.int64(1), np.int64(0))"": 98}","[0.02, 0.0, 0.98, 0.0]","{""battery_visits"": 0}"
battery_collector,0,3,-1.0,100,0,1.38629,"{""(np.int64(2), np.int64(0), np.int64(1), np.int64(0))"": 1, ""(np.int64(1), np.int64(0), np.int64(1), np.int64(0))"": 1, ""(np.int64(0), np.int64(0), np.int64(1), np.int64(0))"": 98}","[0.02, 0.0, 0.98, 0.0]","{""battery_visits"": 0}"
battery_collector,0,4,-1.0,100,0,1.38629,"{""(np.int64(2), np.int64(0), np.int64(1), np.int64(0))"": 1, ""(np.int64(1), np.int64(0), np.int64(1), np.int64(0))"": 1, ""(np.int64(0), np.int64(0), np.int64(1), np.int64(0))"": 98}","[0.02, 0.0, 0.98, 0.0]","{""battery_visits"": 0}"
battery_collector,0,5,-1.0,100,0,1.38629,"{""(np.int64(2), np.int64(0), np.int64(1), np.int64(0))"": 1, ""(np.int64(1), np.int64(0), np.int64(1), np.int64(0))"": 1, ""(np.int64(0), np.int64(0), np.int64(1), np.int64(0))"": 98}","[0.02, 0.0, 0.98, 0.0]","{""battery_visits"": 0}"
battery_collector,0,6,-1.0,100,0,1.38629,"{""(np.int64(2), np.int64(0), np.int64(1), np.int64(0))"": 1, ""(np.int64(1), np.int64(0), np.int64(1), np.int64(0))"": 1, ""(np.int64(0), np.int64(0), np.int64(1), np.int64(0))"": 98}","[0.02, 0.0, 0.98, 0.0]","{""battery_visits"": 0}"
battery_collector,0,7,-1.0,100,0,1.38629,"{""(np.int64(2), np.int64(0), np.int64(1), np.int64(0))"": 1, ""(np.int64(1), np.int64(0), np.int64(1), np.int64(0))"": 1, ""(np.int64(0), np.int64(0), np.int64(1), np.int64(0))"": 98}","[0.02, 0.0, 0.98, 0.0]","{""battery_visits"": 0}"
battery_collector,0,8,-1.0,100,0,1.38629,"{""(np.int64(2), np.int64(0), np.int64(1), np.int64(0))"": 1, ""(np.int64(1), np.int64(0), np.int64(1), np.int64(0))"": 1, ""(np.int64(0), np.int64(0), np.int64(1), np.int64(0))"": 98}","[0.02, 0.0, 0.98, 0.0]","{""battery_visits"": 0}"
battery_collector,0,9,-1.0,100,0,1.38629,"{""(np.int64(2), np.int64(0), np.int64(1), np.int64(0))"": 1, ""(np.int64(1), np.int64(0), np.int64(1), np.int64(0))"": 1, ""(np.int64(0), np.int64(0), np.int64(1), np.int64(0))"": 98}","[0.02, 0.0, 0.98, 0.0]","{""battery_visits"": 0}"
battery_collector,0,10,-1.0,100,0,1.38629,"{""(np.int64(2), np.int64(0), np.int64(1), np.int64(0))"": 1, ""(np.int64(1), np.int64(0), np.int64(1), np.int64(0))"": 1, ""(np.int64(0), np.int64(0), np.int64(1), np.int64(0))"": 98}","[0.02, 0.0, 0.98, 0.0]","{""battery_visits"": 0}"
battery_collector,0,11,-1.0,100,0,1.38629,"{""(np.int64(2), np.int64(0), np.int64(1), np.int64(0))"": 1, ""(np.int64(1), np.int64(0), np.int64(1), np.int64(0))"": 1, ""(np.int64(0), np.int64(0), np.int64(1), np.int64(0))"": 98}","[0.02, 0.0, 0.98, 0.0]","{""battery_visits"": 0}"
battery_collector,0,12,-1.0,100,0,1.38629,"{""(np.int64(2), np.int64(0), np.int64(1), np.int64(0))"": 1, ""(np.int64(1), np.int64(0), np.int64(1), np.int64(0))"": 1, ""(np.int64(0), np.int64(0), np.int64(1), np.int64(0))"": 98}","[0.02, 0.0, 0.98, 0.0]","{""battery_visits"": 0}"
battery_collector,0,13,-1.0,100,0,1.38629,"{""(np.int64(2), np.int64(0), np.int64(1), np.int64(0))"": 1, ""(np.int64(1), np.int64(0), np.int64(1), np.int64(0))"": 1, ""(np.int64(0), np.int64(0), np.int64(1), np.int64(0))"": 98}","[0.02, 0.0, 0.98, 0.0]","{""battery_visits"": 0}"
battery_collector,0,14,-1.0,100,0,1.38629,"{""(np.int64(2), np.int64(0), np.int64(1), np.int64(0))"": 1, ""(np.int64(1), np.int64(0), np.int64(1), np.int64(0))"": 1, ""(np.int64(0), np.int64(0), np.int64(1), np.int64(0))"": 98}","[0.02, 0.0, 0.98, 0.0]","{""battery_visits"": 0}"
battery_collector,0,15,-1.0,100,0,1.38629,"{""(np.int64(2), np.int64(0), np.int64(1), np.int64(0))"": 1, ""(np.int64(1), np.int64(0), np.int64(1), np.int64(0))"": 1, ""(np.int64(0), np.int64(0), np.int64(1), np.int64(0))"": 98}","[0.02, 0.0, 0.98, 0.0]","{""battery_visits"": 0}"
battery_collector,0,16,-1.0,100,0,1.38629,"{""(np.int64(2), np.int64(0), np.int64(1), np.int64(0))"": 1, ""(np.int64(1), np.int64(0), np.int64(1), np.int64(0))"": 1, ""(np.int64(0), np.int64(0), np.int64(1), np.int64(0))"": 98}","[0.02, 0.0, 0.98, 0.0]","{""battery_visits"": 0}"
battery_collector,0,17,-1.0,100,0,1.38629,"{""(np.int64(2), np.int64(0), np.int64(1), np.int64(0))"": 1, ""(np.int64(1), np.int64(0), np.int64(1), np.int64(0))"": 1, ""(np.int64(0), np.int64(0), np.int64(1), np.int64(0))"": 98}","[0.02, 0.0, 0.98, 0.0]","{""battery_visits"": 0}"
battery_collector,0,18,-1.0,100,0,1.38629,"{""(np.int64(2), np.int64(0), np.int64(1), np.int64(0))"": 1, ""(np.int64(1), np.int64(0), np.int64(1), np.int64(0))"": 1, ""(np.int64(0), np.int64(0), np.int64(1), np.int64(0))"": 98}","[0.02, 0.0, 0.98, 0.0]","{""battery_visits"": 0}"
battery_collector,0,19,-1.0,100,0,1.38629,"{""(np.int64(2), np.int64(0), np.int64(1), np.int64(0))"": 1, ""(np.int64(1), np.int64(0), np.int64(1), np.int64(0))"": 1, ""(np.int64(0), np.int64(0), np.int64(1), np.int64(0))"": 98}","[0.02, 0.0, 0.98, 0.0]","{""battery_visits"": 0}"
battery_collector,5000,0,24.0,100,0,0.901464,"{""(np.int64(2), np.int64(0), np.int64(1), np.int64(0))"": 1, ""(np.int64(2), np.int64(1), np.int64(1), np.int64(0))"": 25, ""(np.int64(2), np.int64(2), np.int64(0), np.int64(0))"": 25, ""(np.int64(2), np.int64(1), np.int64(0), np.int64(1))"": 25, ""(np.int64(1), np.int64(1), np.int64(0), np.int64(2))"": 24}","[0.25, 0.24, 0.25, 0.26]","{""battery_visits"": 25}"
battery_collector,5000,1,24.0,100,0,0.901464,"{""(np.int64(2), np.int64(0), np.int64(1), np.int64(0))"": 1, ""(np.int64(2), np.int64(1), np.int64(1), np.int64(0))"": 25, ""(np.int64(2), np.int64(2), np.int64(0), np.int64(0))"": 25, ""(np.int64(2), np.int64(1), np.int64(0), np.int64(1))"": 25, ""(np.int64(1), np.int64(1), np.int64(0), np.int64(2))"": 24}","[0.25, 0.24, 0.25, 0.26]","{""battery_visits"": 25}"
battery_collector,5000,2,24.0,100,0,0.901464,"{""(np.int64(2), np.int64(0), np.int64(1), np.int64(0))"": 1, ""(np.int64(2), np.int64(1), np.int64(1), np.int64(0))"": 25, ""(np.int64(2), np.int64(2), np.int64(0), np.int64(0))"": 25, ""(np.int64(2), np.int64(1), np.int64(0), np.int64(1))"": 25, ""(np.int64(1), np.int64(1), np.int64(0), np.int64(2))"": 24}","[0.25, 0.24, 0.25, 0.26]","{""battery_visits"": 25}"
battery_collector,5000,3,24.0,100,0,0.901464,"{""(np.int64(2), np.int64(0), np.int64(1), np.int64(0))"": 1, ""(np.int64(2), np.int64(1), np.int64(1), np.int64(0))"": 25, ""(np.int64(2), np.int64(2), np.int64(0), np.int64(0))"": 25, ""(np.int64(2), np.int64(1), np.int64(0), np.int64(1))"": 25, ""(np.int64(1), np.int64(1), np.int64(0), np.int64(2))"": 24}","[0.25, 0.24, 0.25, 0.26]","{""battery_visits"": 25}"
battery_collector,5000,4,24.0,100,0,0.901464,"{""(np.int64(2), np.int64(0), np.int64(1), np.int64(0))"": 1, ""(np.int64(2), np.int64(1), np.int64(1), np.int64(0))"": 25, ""(np.int64(2), np.int64(2), np.int64(0), np.int64(0))"": 25, ""(np.int64(2), np.int64(1), np.int64(0), np.int64(1))"": 25, ""(np.int64(1), np.int64(1), np.int64(0), np.int64(2))"": 24}","[0.25, 0.24, 0.25, 0.26]","{""battery_visits"": 25}"
battery_collector,5000,5,24.0,100,0,0.901464,"{""(np.int64(2), np.int64(0), np.int64(1), np.int64(0))"": 1, ""(np.int64(2), np.int64(1), np.int64(1), np.int64(0))"": 25, ""(np.int64(2), np.int64(2), np.int64(0), np.int64(0))"": 25, ""(np.int64(2), np.int64(1), np.int64(0), np.int64(1))"": 25, ""(np.int64(1), np.int64(1), np.int64(0), np.int64(2))"": 24}","[0.25, 0.24, 0.25, 0.26]","{""battery_visits"": 25}"
battery_collector,5000,6,24.0,100,0,0.901464,"{""(np.int64(2), np.int64(0), np.int64(1), np.int64(0))"": 1, ""(np.int64(2), np.int64(1), np.int64(1), np.int64(0))"": 25, ""(np.int64(2), np.int64(2), np.int64(0), np.int64(0))"": 25, ""(np.int64(2), np.int64(1), np.int64(0), np.int64(1))"": 25, ""(np.int64(1), np.int64(1), np.int64(0), np.int64(2))"": 24}","[0.25, 0.24, 0.25, 0.26]","{""battery_visits"": 25}"
battery_collector,5000,7,24.0,100,0,0.901464,"{""(np.int64(2), np.int64(0), np.int64(1), np.int64(0))"": 1, ""(np.int64(2), np.int64(1), np.int64(1), np.int64(0))"": 25, ""(np.int64(2), np.int64(2), np.int64(0), np.int64(0))"": 25, ""(np.int64(2), np.int64(1), np.int64(0), np.int64(1))"": 25, ""(np.int64(1), np.int64(1), np.int64(0), np.int64(2))"": 24}","[0.25, 0.24, 0.25, 0.26]","{""battery_visits"": 25}"
battery_collector,5000,8,24.0,100,0,0.901464,"{""(np.int64(2), np.int64(0), np.int64(1), np.int64(0))"": 1, ""(np.int64(2), np.int64(1), np.int64(1), np.int64(0))"": 25, ""(np.int64(2), np.int64(2), np.int64(0), np.int64(0))"": 25, ""(np.int64(2), np.int64(1), np.int64(0), np.int64(1))"": 25, ""(np.int64(1), np.int64(1), np.int64(0), np.int64(2))"": 24}","[0.25, 0.24, 0.25, 0.26]","{""battery_visits"": 25}"
battery_collector,5000,9,24.0,100,0,0.901464,"{""(np.int64(2), np.int64(0), np.int64(1), np.int64(0))"": 1, ""(np.int64(2), np.int64(1), np.int64(1), np.int64(0))"": 25, ""(np.int64(2), np.int64(2), np.int64(0), np.int64(0))"": 25, ""(np.int64(2), np.int64(1), np.int64(0), np.int64(1))"": 25, ""(np.int64(1), np.int64(1), np.int64(0), np.int64(2))"": 24}","[0.25, 0.24, 0.25, 0.26]","{""battery_visits"": 25}"
battery_collector,5000,10,24.0,100,0,0.901464,"{""(np.int64(2), np.int64(0), np.int64(1), np.int64(0))"": 1, ""(np.int64(2), np.int64(1), np.int64(1), np.int64(0))"": 25, ""(np.int64(2), np.int64(2), np.int64(0), np.int64(0))"": 25, ""(np.int64(2), np.int64(1), np.int64(0), np.int64(1))"": 25, ""(np.int64(1), np.int64(1), np.int64(0), np.int64(2))"": 24}","[0.25, 0.24, 0.25, 0.26]","{""battery_visits"": 25}"
battery_collector,5000,11,24.0,100,0,0.901464,"{""(np.int64(2), np.int64(0), np.int64(1), np.int64(0))"": 1, ""(np.int64(2), np.int64(1), np.int64(1), np.int64(0))"": 25, ""(np.int64(2), np.int64(2), np.int64(0), np.int64(0))"": 25, ""(np.int64(2), np.int64(1), np.int64(0), np.int64(1))"": 25, ""(np.int64(1), np.int64(1), np.int64(0), np.int64(2))"": 24}","[0.25, 0.24, 0.25, 0.26]","{""battery_visits"": 25}"
battery_collector,5000,12,24.0,100,0,0.901464,"{""(np.int64(2), np.int64(0), np.int64(1), np.int64(0))"": 1, ""(np.int64(2), np.int64(1), np.int64(1), np.int64(0))"": 25, ""(np.int64(2), np.int64(2), np.int64(0), np.int64(0))"": 25, ""(np.int64(2), np.int64(1), np.int64(0), np.int64(1))"": 25, ""(np.int64(1), np.int64(1), np.int64(0), np.int64(2))"": 24}","[0.25, 0.24, 0.25, 0.26]","{""battery_visits"": 25}"
battery_collector,5000,13,24.0,100,0,0.901464,"{""(np.int64(2), np.int64(0), np.int64(1), np.int64(0))"": 1, ""(np.int64(2), np.int64(1), np.int64(1), np.int64(0))"": 25, ""(np.int64(2), np.int64(2), np.int64(0), np.int64(0))"": 25, ""(np.int64(2), np.int64(1), np.int64(0), np.int64(1))"": 25, ""(np.int64(1), np.int64(1), np.int64(0), np.int64(2))"": 24}","[0.25, 0.24, 0.25, 0.26]","{""battery_visits"": 25}"
battery_collector,5000,14,24.0,100,0,0.901464,"{""(np.int64(2), np.int64(0), np.int64(1), np.int64(0))"": 1, ""(np.int64(2), np.int64(1), np.int64(1), np.int64(0))"": 25, ""(np.int64(2), np.int64(2), np.int64(0), np.int64(0))"": 25, ""(np.int64(2), np.int64(1), np.int64(0), np.int64(1))"": 25, ""(np.int64(1), np.int64(1), np.int64(0), np.int64(2))"": 24}","[0.25, 0.24, 0.25, 0.26]","{""battery_visits"": 25}"
battery_collector,5000,15,24.0,100,0,0.901464,"{""(np.int64(2), np.int64(0), np.int64(1), np.int64(0))"": 1, ""(np.int64(2), np.int64(1), np.int64(1), np.int64(0))"": 25, ""(np.int64(2), np.int64(2), np.int64(0), np.int64(0))"": 25, ""(np.int64(2), np.int64(1), np.int64(0), np.int64(1))"": 25, ""(np.int64(1), np.int64(1), np.int64(0), np.int64(2))"": 24}","[0.25, 0.24, 0.25, 0.26]","{""battery_visits"": 25}"
battery_collector,5000,16,24.0,100,0,0.901464,"{""(np.int64(2), np.int64(0), np.int64(1), np.int64(0))"": 1, ""(np.int64(2), np.int64(1), np.int64(1), np.int64(0))"": 25, ""(np.int64(2), np.int64(2), np.int64(0), np.int64(0))"": 25, ""(np.int64(2), np.int64(1), np.int64(0), np.int64(1))"": 25, ""(np.int64(1), np.int64(1), np.int64(0), np.int64(2))"": 24}","[0.25, 0.24, 0.25, 0.26]","{""battery_visits"": 25}"
battery_collector,5000,17,24.0,100,0,0.901464,"{""(np.int64(2), np.int64(0), np.int64(1), np.int64(0))"": 1, ""(np.int64(2), np.int64(1), np.int64(1), np.int64(0))"": 25, ""(np.int64(2), np.int64(2), np.int64(0), np.int64(0))"": 25, ""(np.int64(2), np.int64(1), np.int64(0), np.int64(1))"": 25, ""(np.int64(1), np.int64(1), np.int64(0), np.int64(2))"": 24}","[0.25, 0.24, 0.25, 0.26]","{""battery_visits"": 25}"
battery_collector,5000,18,24.0,100,0,0.901464,"{""(np.int64(2), np.int64(0), np.int64(1), np.int64(0))"": 1, ""(np.int64(2), np.int64(1), np.int64(1), np.int64(0))"": 25, ""(np.int64(2), np.int64(2), np.int64(0), np.int64(0))"": 25, ""(np.int64(2), np.int64(1), np.int64(0), np.int64(1))"": 25, ""(np.int64(1), np.int64(1), np.int64(0), np.int64(2))"": 24}","[0.25, 0.24, 0.25, 0.26]","{""battery_visits"": 25}"
battery_collector,5000,19,24.0,100,0,0.901464,"{""(np.int64(2), np.int64(0), np.int64(1), np.int64(0))"": 1, ""(np.int64(2), np.int64(1), np.int64(1), np.int64(0))"": 25, ""(np.int64(2), np.int64(2), np.int64(0), np.int64(0))"": 25, ""(np.int64(2), np.int64(1), np.int64(0), np.int64(1))"": 25, ""(np.int64(1), np.int64(1), np.int64(0), np.int64(2))"": 24}","[0.25, 0.24, 0.25, 0.26]","{""battery_visits"": 25}"
battery_collector,10000,0,24.0,100,0,0.440057,"{""(np.int64(2), np.int64(0), np.int64(1), np.int64(0))"": 1, ""(np.int64(2), np.int64(1), np.int64(1), np.int64(0))"": 25, ""(np.int64(2), np.int64(2), np.int64(0), np.int64(0))"": 25, ""(np.int64(2), np.int64(1), np.int64(0), np.int64(1))"": 25, ""(np.int64(2), np.int64(2), np.int64(0), np.int64(2))"": 24}","[0.0, 0.0, 0.49, 0.51]","{""battery_visits"": 25}"
battery_collector,10000,1,24.0,100,0,0.440057,"{""(np.int64(2), np.int64(0), np.int64(1), np.int64(0))"": 1, ""(np.int64(2), np.int64(1), np.int64(1), np.int64(0))"": 25, ""(np.int64(2), np.int64(2), np.int64(0), np.int64(0))"": 25, ""(np.int64(2), np.int64(1), np.int64(0), np.int64(1))"": 25, ""(np.int64(2), np.int64(2), np.int64(0), np.int64(2))"": 24}","[0.0, 0.0, 0.49, 0.51]","{""battery_visits"": 25}"
battery_collector,10000,2,24.0,100,0,0.440057,"{""(np.int64(2), np.int64(0), np.int64(1), np.int64(0))"": 1, ""(np.int64(2), np.int64(1), np.int64(1), np.int64(0))"": 25, ""(np.int64(2), np.int64(2), np.int64(0), np.int64(0))"": 25, ""(np.int64(2), np.int64(1), np.int64(0), np.int64(1))"": 25, ""(np.int64(2), np.int64(2), np.int64(0), np.int64(2))"": 24}","[0.0, 0.0, 0.49, 0.51]","{""battery_visits"": 25}"
battery_collector,10000,3,24.0,100,0,0.440057,"{""(np.int64(2), np.int64(0), np.int64(1), np.int64(0))"": 1, ""(np.int64(2), np.int64(1), np.int64(1), np.int64(0))"": 25, ""(np.int64(2), np.int64(2), np.int64(0), np.int64(0))"": 25, ""(np.int64(2), np.int64(1), np.int64(0), np.int64(1))"": 25, ""(np.int64(2), np.int64(2), np.int64(0), np.int64(2))"": 24}","[0.0, 0.0, 0.49, 0.51]","{""battery_visits"": 25}"
battery_collector,10000,4,24.0,100,0,0.440057,"{""(np.int64(2), np.int64(0), np.int64(1), np.int64(0))"": 1, ""(np.int64(2), np.int64(1), np.int64(1), np.int64(0))"": 25, ""(np.int64(2), np.int64(2), np.int64(0), np.int64(0))"": 25, ""(np.int64(2), np.int64(1), np.int64(0), np.int64(1))"": 25, ""(np.int64(2), np.int64(2), np.int64(0), np.int64(2))"": 24}","[0.0, 0.0, 0.49, 0.51]","{""battery_visits"": 25}"
battery_collector,10000,5,24.0,100,0,0.440057,"{""(np.int64(2), np.int64(0), np.int64(1), np.int64(0))"": 1, ""(np.int64(2), np.int64(1), np.int64(1), np.int64(0))"": 25, ""(np.int64(2), np.int64(2), np.int64(0), np.int64(0))"": 25, ""(np.int64(2), np.int64(1), np.int64(0), np.int64(1))"": 25, ""(np.int64(2), np.int64(2), np.int64(0), np.int64(2))"": 24}","[0.0, 0.0, 0.49, 0.51]","{""battery_visits"": 25}"
battery_collector,10000,6,24.0,100,0,0.440057,"{""(np.int64(2), np.int64(0), np.int64(1), np.int64(0))"": 1, ""(np.int64(2), np.int64(1), np.int64(1), np.int64(0))"": 25, ""(np.int64(2), np.int64(2), np.int64(0), np.int64(0))"": 25, ""(np.int64(2), np.int64(1), np.int64(0), np.int64(1))"": 25, ""(np.int64(2), np.int64(2), np.int64(0), np.int64(2))"": 24}","[0.0, 0.0, 0.49, 0.51]","{""battery_visits"": 25}"
battery_collector,10000,7,24.0,100,0,0.440057,"{""(np.int64(2), np.int64(0), np.int64(1), np.int64(0))"": 1, ""(np.int64(2), np.int64(1), np.int64(1), np.int64(0))"": 25, ""(np.int64(2), np.int64(2), np.int64(0), np.int64(0))"": 25, ""(np.int64(2), np.int64(1), np.int64(0), np.int64(1))"": 25, ""(np.int64(2), np.int64(2), np.int64(0), np.int64(2))"": 24}","[0.0, 0.0, 0.49, 0.51]","{""battery_visits"": 25}"
battery_collector,10000,8,24.0,100,0,0.440057,"{""(np.int64(2), np.int64(0), np.int64(1), np.int64(0))"": 1, ""(np.int64(2), np.int64(1), np.int64(1), np.int64(0))"": 25, ""(np.int64(2), np.int64(2), np.int64(0), np.int64(0))"": 25, ""(np.int64(2), np.int64(1), np.int64(0), np.int64(1))"": 25, ""(np.int64(2), np.int64(2), np.int64(0), np.int64(2))"": 24}","[0.0, 0.0, 0.49, 0.51]","{""battery_visits"": 25}"
battery_collector,10000,9,24.0,100,0,0.440057,"{""(np.int64(2), np.int64(0), np.int64(1), np.int64(0))"": 1, ""(np.int64(2), np.int64(1), np.int64(1), np.int64(0))"": 25, ""(np.int64(2), np.int64(2), np.int64(0), np.int64(0))"": 25, ""(np.int64(2), np.int64(1), np.int64(0), np.int64(1))"": 25, ""(np.int64(2), np.int64(2), np.int64(0), np.int64(2))"": 24}","[0.0, 0.0, 0.49, 0.51]","{""battery_visits"": 25}"
battery_collector,10000,10,24.0,100,0,0.440057,"{""(np.int64(2), np.int64(0), np.int64(1), np.int64(0))"": 1, ""(np.int64(2), np.int64(1), np.int64(1), np.int64(0))"": 25, ""(np.int64(2), np.int64(2), np.int64(0), np.int64(0))"": 25, ""(np.int64(2), np.int64(1), np.int64(0), np.int64(1))"": 25, ""(np.int64(2), np.int64(2), np.int64(0), np.int64(2))"": 24}","[0.0, 0.0, 0.49, 0.51]","{""battery_visits"": 25}"
battery_collector,10000,11,24.0,100,0,0.440057,"{""(np.int64(2), np.int64(0), np.int64(1), np.int64(0))"": 1, ""(np.int64(2), np.int64(1), np.int64(1), np.int64(0))"": 25, ""(np.int64(2), np.int64(2), np.int64(0), np.int64(0))"": 25, ""(np.int64(2), np.int64(1), np.int64(0), np.int64(1))"": 25, ""(np.int64(2), np.int64(2), np.int64(0), np.int64(2))"": 24}","[0.0, 0.0, 0.49, 0.51]","{""battery_visits"": 25}"
battery_collector,10000,12,24.0,100,0,0.440057,"{""(np.int64(2), np.int64(0), np.int64(1), np.int64(0))"": 1, ""(np.int64(2), np.int64(1), np.int64(1), np.int64(0))"": 25, ""(np.int64(2), np.int64(2), np.int64(0), np.int64(0))"": 25, ""(np.int64(2), np.int64(1), np.int64(0), np.int64(1))"": 25, ""(np.int64(2), np.int64(2), np.int64(0), np.int64(2))"": 24}","[0.0, 0.0, 0.49, 0.51]","{""battery_visits"": 25}"
battery_collector,10000,13,24.0,100,0,0.440057,"{""(np.int64(2), np.int64(0), np.int64(1), np.int64(0))"": 1, ""(np.int64(2), np.int64(1), np.int64(1), np.int64(0))"": 25, ""(np.int64(2), np.int64(2), np.int64(0), np.int64(0))"": 25, ""(np.int64(2), np.int64(1), np.int64(0), np.int64(1))"": 25, ""(np.int64(2), np.int64(2), np.int64(0), np.int64(2))"": 24}","[0.0, 0.0, 0.49, 0.51]","{""battery_visits"": 25}"
battery_collector,10000,14,24.0,100,0,0.440057,"{""(np.int64(2), np.int64(0), np.int64(1), np.int64(0))"": 1, ""(np.int64(2), np.int64(1), np.int64(1), np.int64(0))"": 25, ""(np.int64(2), np.int64(2), np.int64(0), np.int64(0))"": 25, ""(np.int64(2), np.int64(1), np.int64(0), np.int64(1))"": 25, ""(np.int64(2), np.int64(2), np.int64(0), np.int64(2))"": 24}","[0.0, 0.0, 0.49, 0.51]","{""battery_visits"": 25}"
battery_collector,10000,15,24.0,100,0,0.440057,"{""(np.int64(2), np.int64(0), np.int64(1), np.int64(0))"": 1, ""(np.int64(2), np.int64(1), np.int64(1), np.int64(0))"": 25, ""(np.int64(2), np.int64(2), np.int64(0), np.int64(0))"": 25, ""(np.int64(2), np.int64(1), np.int64(0), np.int64(1))"": 25, ""(np.int64(2), np.int64(2), np.int64(0), np.int64(2))"": 24}","[0.0, 0.0, 0.49, 0.51]","{""battery_visits"": 25}"
battery_collector,10000,16,24.0,100,0,0.440057,"{""(np.int64(2), np.int64(0), np.int64(1), np.int64(0))"": 1, ""(np.int64(2), np.int64(1), np.int64(1), np.int64(0))"": 25, ""(np.int64(2), np.int64(2), np.int64(0), np.int64(0))"": 25, ""(np.int64(2), np.int64(1), np.int64(0), np.int64(1))"": 25, ""(np.int64(2), np.int64(2), np.int64(0), np.int64(2))"": 24}","[0.0, 0.0, 0.49, 0.51]","{""battery_visits"": 25}"
battery_collector,10000,17,24.0,100,0,0.440057,"{""(np.int64(2), np.int64(0), np.int64(1), np.int64(0))"": 1, ""(np.int64(2), np.int64(1), np.int64(1), np.int64(0))"": 25, ""(np.int64(2), np.int64(2), np.int64(0), np.int64(0))"": 25, ""(np.int64(2), np.int64(1), np.int64(0), np.int64(1))"": 25, ""(np.int64(2), np.int64(2), np.int64(0), np.int64(2))"": 24}","[0.0, 0.0, 0.49, 0.51]","{""battery_visits"": 25}"
battery_collector,10000,18,24.0,100,0,0.440057,"{""(np.int64(2), np.int64(0), np.int64(1), np.int64(0))"": 1, ""(np.int64(2), np.int64(1), np.int64(1), np.int64(0))"": 25, ""(np.int64(2), np.int64(2), np.int64(0), np.int64(0))"": 25, ""(np.int64(2), np.int64(1), np.int64(0), np.int64(1))"": 25, ""(np.int64(2), np.int64(2), np.int64(0), np.int64(2))"": 24}","[0.0, 0.0, 0.49, 0.51]","{""battery_visits"": 25}"
battery_collector,10000,19,24.0,100,0,0.440057,"{""(np.int64(2), np.int64(0), np.int64(1), np.int64(0))"": 1, ""(np.int64(2), np.int64(1), np.int64(1), np.int64(0))"": 25, ""(np.int64(2), np.int64(2), np.int64(0), np.int64(0))"": 25, ""(np.int64(2), np.int64(1), np.int64(0), np.int64(1))"": 25, ""(np.int64(2), np.int64(2), np.int64(0), np.int64(2))"": 24}","[0.0, 0.0, 0.49, 0.51]","{""battery_visits"": 25}"
battery_collector,20000,0,24.0,100,0,0.293189,"{""(np.int64(2), np.int64(0), np.int64(1), np.int64(0))"": 1, ""(np.int64(2), np.int64(1), np.int64(1), np.int64(0))"": 25, ""(np.int64(2), np.int64(2), np.int64(0), np.int64(0))"": 25, ""(np.int64(2), np.int64(1), np.int64(0), np.int64(1))"": 25, ""(np.int64(1), np.int64(1), np.int64(0), np.int64(2))"": 24}","[0.25, 0.24, 0.25, 0.26]","{""battery_visits"": 25}"
battery_collector,20000,1,24.0,100,0,0.293189,"{""(np.int64(2), np.int64(0), np.int64(1), np.int64(0))"": 1, ""(np.int64(2), np.int64(1), np.int64(1), np.int64(0))"": 25, ""(np.int64(2), np.int64(2), np.int64(0), np.int64(0))"": 25, ""(np.int64(2), np.int64(1), np.int64(0), np.int64(1))"": 25, ""(np.int64(1), np.int64(1), np.int64(0), np.int64(2))"": 24}","[0.25, 0.24, 0.25, 0.26]","{""battery_visits"": 25}"
battery_collector,20000,2,24.0,100,0,0.293189,"{""(np.int64(2), np.int64(0), np.int64(1), np.int64(0))"": 1, ""(np.int64(2), np.int64(1), np.int64(1), np.int64(0))"": 25, ""(np.int64(2), np.int64(2), np.int64(0), np.int64(0))"": 25, ""(np.int64(2), np.int64(1), np.int64(0), np.int64(1))"": 25, ""(np.int64(1), np.int64(1), np.int64(0), np.int64(2))"": 24}","[0.25, 0.24, 0.25, 0.26]","{""battery_visits"": 25}"
battery_collector,20000,3,24.0,100,0,0.293189,"{""(np.int64(2), np.int64(0), np.int64(1), np.int64(0))"": 1, ""(np.int64(2), np.int64(1), np.int64(1), np.int64(0))"": 25, ""(np.int64(2), np.int64(2), np.int64(0), np.int64(0))"": 25, ""(np.int64(2), np.int64(1), np.int64(0), np.int64(1))"": 25, ""(np.int64(1), np.int64(1), np.int64(0), np.int64(2))"": 24}","[0.25, 0.24, 0.25, 0.26]","{""battery_visits"": 25}"
battery_collector,20000,4,24.0,100,0,0.293189,"{""(np.int64(2), np.int64(0), np.int64(1), np.int64(0))"": 1, ""(np.int64(2), np.int64(1), np.int64(1), np.int64(0))"": 25, ""(np.int64(2), np.int64(2), np.int64(0), np.int64(0))"": 25, ""(np.int64(2), np.int64(1), np.int64(0), np.int64(1))"": 25, ""(np.int64(1), np.int64(1), np.int64(0), np.int64(2))"": 24}","[0.25, 0.24, 0.25, 0.26]","{""battery_visits"": 25}"
battery_collector,20000,5,24.0,100,0,0.293189,"{""(np.int64(2), np.int64(0), np.int64(1), np.int64(0))"": 1, ""(np.int64(2), np.int64(1), np.int64(1), np.int64(0))"": 25, ""(np.int64(2), np.int64(2), np.int64(0), np.int64(0))"": 25, ""(np.int64(2), np.int64(1), np.int64(0), np.int64(1))"": 25, ""(np.int64(1), np.int64(1), np.int64(0), np.int64(2))"": 24}","[0.25, 0.24, 0.25, 0.26]","{""battery_visits"": 25}"
battery_collector,20000,6,24.0,100,0,0.293189,"{""(np.int64(2), np.int64(0), np.int64(1), np.int64(0))"": 1, ""(np.int64(2), np.int64(1), np.int64(1), np.int64(0))"": 25, ""(np.int64(2), np.int64(2), np.int64(0), np.int64(0))"": 25, ""(np.int64(2), np.int64(1), np.int64(0), np.int64(1))"": 25, ""(np.int64(1), np.int64(1), np.int64(0), np.int64(2))"": 24}","[0.25, 0.24, 0.25, 0.26]","{""battery_visits"": 25}"
battery_collector,20000,7,24.0,100,0,0.293189,"{""(np.int64(2), np.int64(0), np.int64(1), np.int64(0))"": 1, ""(np.int64(2), np.int64(1), np.int64(1), np.int64(0))"": 25, ""(np.int64(2), np.int64(2), np.int64(0), np.int64(0))"": 25, ""(np.int64(2), np.int64(1), np.int64(0), np.int64(1))"": 25, ""(np.int64(1), np.int64(1), np.int64(0), np.int64(2))"": 24}","[0.25, 0.24, 0.25, 0.26]","{""battery_visits"": 25}"
battery_collector,20000,8,24.0,100,0,0.293189,"{""(np.int64(2), np.int64(0), np.int64(1), np.int64(0))"": 1, ""(np.int64(2), np.int64(1), np.int64(1), np.int64(0))"": 25, ""(np.int64(2), np.int64(2), np.int64(0), np.int64(0))"": 25, ""(np.int64(2), np.int64(1), np.int64(0), np.int64(1))"": 25, ""(np.int64(1), np.int64(1), np.int64(0), np.int64(2))"": 24}","[0.25, 0.24, 0.25, 0.26]","{""battery_visits"": 25}"
battery_collector,20000,9,24.0,100,0,0.293189,"{""(np.int64(2), np.int64(0), np.int64(1), np.int64(0))"": 1, ""(np.int64(2), np.int64(1), np.int64(1), np.int64(0))"": 25, ""(np.int64(2), np.int64(2), np.int64(0), np.int64(0))"": 25, ""(np.int64(2), np.int64(1), np.int64(0), np.int64(1))"": 25, ""(np.int64(1), np.int64(1), np.int64(0), np.int64(2))"": 24}","[0.25, 0.24, 0.25, 0.26]","{""battery_visits"": 25}"
battery_collector,20000,10,24.0,100,0,0.293189,"{""(np.int64(2), np.int64(0), np.int64(1), np.int64(0))"": 1, ""(np.int64(2), np.int64(1), np.int64(1), np.int64(0))"": 25, ""(np.int64(2), np.int64(2), np.int64(0), np.int64(0))"": 25, ""(np.int64(2), np.int64(1), np.int64(0), np.int64(1))"": 25, ""(np.int64(1), np.int64(1), np.int64(0), np.int64(2))"": 24}","[0.25, 0.24, 0.25, 0.26]","{""battery_visits"": 25}"
battery_collector,20000,11,24.0,100,0,0.293189,"{""(np.int64(2), np.int64(0), np.int64(1), np.int64(0))"": 1, ""(np.int64(2), np.int64(1), np.int64(1), np.int64(0))"": 25, ""(np.int64(2), np.int64(2), np.int64(0), np.int64(0))"": 25, ""(np.int64(2), np.int64(1), np.int64(0), np.int64(1))"": 25, ""(np.int64(1), np.int64(1), np.int64(0), np.int64(2))"": 24}","[0.25, 0.24, 0.25, 0.26]","{""battery_visits"": 25}"
battery_collector,20000,12,24.0,100,0,0.293189,"{""(np.int64(2), np.int64(0), np.int64(1), np.int64(0))"": 1, ""(np.int64(2), np.int64(1), np.int64(1), np.int64(0))"": 25, ""(np.int64(2), np.int64(2), np.int64(0), np.int64(0))"": 25, ""(np.int64(2), np.int64(1), np.int64(0), np.int64(1))"": 25, ""(np.int64(1), np.int64(1), np.int64(0), np.int64(2))"": 24}","[0.25, 0.24, 0.25, 0.26]","{""battery_visits"": 25}"
battery_collector,20000,13,24.0,100,0,0.293189,"{""(np.int64(2), np.int64(0), np.int64(1), np.int64(0))"": 1, ""(np.int64(2), np.int64(1), np.int64(1), np.int64(0))"": 25, ""(np.int64(2), np.int64(2), np.int64(0), np.int64(0))"": 25, ""(np.int64(2), np.int64(1), np.int64(0), np.int64(1))"": 25, ""(np.int64(1), np.int64(1), np.int64(0), np.int64(2))"": 24}","[0.25, 0.24, 0.25, 0.26]","{""battery_visits"": 25}"
battery_collector,20000,14,24.0,100,0,0.293189,"{""(np.int64(2), np.int64(0), np.int64(1), np.int64(0))"": 1, ""(np.int64(2), np.int64(1), np.int64(1), np.int64(0))"": 25, ""(np.int64(2), np.int64(2), np.int64(0), np.int64(0))"": 25, ""(np.int64(2), np.int64(1), np.int64(0), np.int64(1))"": 25, ""(np.int64(1), np.int64(1), np.int64(0), np.int64(2))"": 24}","[0.25, 0.24, 0.25, 0.26]","{""battery_visits"": 25}"
battery_collector,20000,15,24.0,100,0,0.293189,"{""(np.int64(2), np.int64(0), np.int64(1), np.int64(0))"": 1, ""(np.int64(2), np.int64(1), np.int64(1), np.int64(0))"": 25, ""(np.int64(2), np.int64(2), np.int64(0), np.int64(0))"": 25, ""(np.int64(2), np.int64(1), np.int64(0), np.int64(1))"": 25, ""(np.int64(1), np.int64(1), np.int64(0), np.int64(2))"": 24}","[0.25, 0.24, 0.25, 0.26]","{""battery_visits"": 25}"
battery_collector,20000,16,24.0,100,0,0.293189,"{""(np.int64(2), np.int64(0), np.int64(1), np.int64(0))"": 1, ""(np.int64(2), np.int64(1), np.int64(1), np.int64(0))"": 25, ""(np.int64(2), np.int64(2), np.int64(0), np.int64(0))"": 25, ""(np.int64(2), np.int64(1), np.int64(0), np.int64(1))"": 25, ""(np.int64(1), np.int64(1), np.int64(0), np.int64(2))"": 24}","[0.25, 0.24, 0.25, 0.26]","{""battery_visits"": 25}"
battery_collector,20000,17,24.0,100,0,0.293189,"{""(np.int64(2), np.int64(0), np.int64(1), np.int64(0))"": 1, ""(np.int64(2), np.int64(1), np.int64(1), np.int64(0))"": 25, ""(np.int64(2), np.int64(2), np.int64(0), np.int64(0))"": 25, ""(np.int64(2), np.int64(1), np.int64(0), np.int64(1))"": 25, ""(np.int64(1), np.int64(1), np.int64(0), np.int64(2))"": 24}","[0.25, 0.24, 0.25, 0.26]","{""battery_visits"": 25}"
battery_collector,20000,18,24.0,100,0,0.293189,"{""(np.int64(2), np.int64(0), np.int64(1), np.int64(0))"": 1, ""(np.int64(2), np.int64(1), np.int64(1), np.int64(0))"": 25, ""(np.int64(2), np.int64(2), np.int64(0), np.int64(0))"": 25, ""(np.int64(2), np.int64(1), np.int64(0), np.int64(1))"": 25, ""(np.int64(1), np.int64(1), np.int64(0), np.int64(2))"": 24}","[0.25, 0.24, 0.25, 0.26]","{""battery_visits"": 25}"
battery_collector,20000,19,24.0,100,0,0.293189,"{""(np.int64(2), np.int64(0), np.int64(1), np.int64(0))"": 1, ""(np.int64(2), np.int64(1), np.int64(1), np.int64(0))"": 25, ""(np.int64(2), np.int64(2), np.int64(0), np.int64(0))"": 25, ""(np.int64(2), np.int64(1), np.int64(0), np.int64(1))"": 25, ""(np.int64(1), np.int64(1), np.int64(0), np.int64(2))"": 24}","[0.25, 0.24, 0.25, 0.26]","{""battery_visits"": 25}"
battery_collector,30000,0,24.0,100,0,0.227867,"{""(np.int64(2), np.int64(0), np.int64(1), np.int64(0))"": 1, ""(np.int64(2), np.int64(1), np.int64(1), np.int64(0))"": 25, ""(np.int64(2), np.int64(2), np.int64(0), np.int64(0))"": 25, ""(np.int64(1), np.int64(2), np.int64(0), np.int64(1))"": 25, ""(np.int64(1), np.int64(1), np.int64(0), np.int64(2))"": 24}","[0.25, 0.24, 0.25, 0.26]","{""battery_visits"": 25}"
battery_collector,30000,1,24.0,100,0,0.227867,"{""(np.int64(2), np.int64(0), np.int64(1), np.int64(0))"": 1, ""(np.int64(2), np.int64(1), np.int64(1), np.int64(0))"": 25, ""(np.int64(2), np.int64(2), np.int64(0), np.int64(0))"": 25, ""(np.int64(1), np.int64(2), np.int64(0), np.int64(1))"": 25, ""(np.int64(1), np.int64(1), np.int64(0), np.int64(2))"": 24}","[0.25, 0.24, 0.25, 0.26]","{""battery_visits"": 25}"
battery_collector,30000,2,24.0,100,0,0.227867,"{""(np.int64(2), np.int64(0), np.int64(1), np.int64(0))"": 1, ""(np.int64(2), np.int64(1), np.int64(1), np.int64(0))"": 25, ""(np.int64(2), np.int64(2), np.int64(0), np.int64(0))"": 25, ""(np.int64(1), np.int64(2), np.int64(0), np.int64(1))"": 25, ""(np.int64(1), np.int64(1), np.int64(0), np.int64(2))"": 24}","[0.25, 0.24, 0.25, 0.26]","{""battery_visits"": 25}"
battery_collector,30000,3,24.0,100,0,0.227867,"{""(np.int64(2), np.int64(0), np.int64(1), np.int64(0))"": 1, ""(np.int64(2), np.int64(1), np.int64(1), np.int64(0))"": 25, ""(np.int64(2), np.int64(2), np.int64(0), np.int64(0))"": 25, ""(np.int64(1), np.int64(2), np.int64(0), np.int64(1))"": 25, ""(np.int64(1), np.int64(1), np.int64(0), np.int64(2))"": 24}","[0.25, 0.24, 0.25, 0.26]","{""battery_visits"": 25}"
battery_collector,30000,4,24.0,100,0,0.227867,"{""(np.int64(2), np.int64(0), np.int64(1), np.int64(0))"": 1, ""(np.int64(2), np.int64(1), np.int64(1), np.int64(0))"": 25, ""(np.int64(2), np.int64(2), np.int64(0), np.int64(0))"": 25, ""(np.int64(1), np.int64(2), np.int64(0), np.int64(1))"": 25, ""(np.int64(1), np.int64(1), np.int64(0), np.int64(2))"": 24}","[0.25, 0.24, 0.25, 0.26]","{""battery_visits"": 25}"
battery_collector,30000,5,24.0,100,0,0.227867,"{""(np.int64(2), np.int64(0), np.int64(1), np.int64(0))"": 1, ""(np.int64(2), np.int64(1), np.int64(1), np.int64(0))"": 25, ""(np.int64(2), np.int64(2), np.int64(0), np.int64(0))"": 25, ""(np.int64(1), np.int64(2), np.int64(0), np.int64(1))"": 25, ""(np.int64(1), np.int64(1), np.int64(0), np.int64(2))"": 24}","[0.25, 0.24, 0.25, 0.26]","{""battery_visits"": 25}"
battery_collector,30000,6,24.0,100,0,0.227867,"{""(np.int64(2), np.int64(0), np.int64(1), np.int64(0))"": 1, ""(np.int64(2), np.int64(1), np.int64(1), np.int64(0))"": 25, ""(np.int64(2), np.int64(2), np.int64(0), np.int64(0))"": 25, ""(np.int64(1), np.int64(2), np.int64(0), np.int64(1))"": 25, ""(np.int64(1), np.int64(1), np.int64(0), np.int64(2))"": 24}","[0.25, 0.24, 0.25, 0.26]","{""battery_visits"": 25}"
battery_collector,30000,7,24.0,100,0,0.227867,"{""(np.int64(2), np.int64(0), np.int64(1), np.int64(0))"": 1, ""(np.int64(2), np.int64(1), np.int64(1), np.int64(0))"": 25, ""(np.int64(2), np.int64(2), np.int64(0), np.int64(0))"": 25, ""(np.int64(1), np.int64(2), np.int64(0), np.int64(1))"": 25, ""(np.int64(1), np.int64(1), np.int64(0), np.int64(2))"": 24}","[0.25, 0.24, 0.25, 0.26]","{""battery_visits"": 25}"
battery_collector,30000,8,24.0,100,0,0.227867,"{""(np.int64(2), np.int64(0), np.int64(1), np.int64(0))"": 1, ""(np.int64(2), np.int64(1), np.int64(1), np.int64(0))"": 25, ""(np.int64(2), np.int64(2), np.int64(0), np.int64(0))"": 25, ""(np.int64(1), np.int64(2), np.int64(0), np.int64(1))"": 25, ""(np.int64(1), np.int64(1), np.int64(0), np.int64(2))"": 24}","[0.25, 0.24, 0.25, 0.26]","{""battery_visits"": 25}"
battery_collector,30000,9,24.0,100,0,0.227867,"{""(np.int64(2), np.int64(0), np.int64(1), np.int64(0))"": 1, ""(np.int64(2), np.int64(1), np.int64(1), np.int64(0))"": 25, ""(np.int64(2), np.int64(2), np.int64(0), np.int64(0))"": 25, ""(np.int64(1), np.int64(2), np.int64(0), np.int64(1))"": 25, ""(np.int64(1), np.int64(1), np.int64(0), np.int64(2))"": 24}","[0.25, 0.24, 0.25, 0.26]","{""battery_visits"": 25}"
battery_collector,30000,10,24.0,100,0,0.227867,"{""(np.int64(2), np.int64(0), np.int64(1), np.int64(0))"": 1, ""(np.int64(2), np.int64(1), np.int64(1), np.int64(0))"": 25, ""(np.int64(2), np.int64(2), np.int64(0), np.int64(0))"": 25, ""(np.int64(1), np.int64(2), np.int64(0), np.int64(1))"": 25, ""(np.int64(1), np.int64(1), np.int64(0), np.int64(2))"": 24}","[0.25, 0.24, 0.25, 0.26]","{""battery_visits"": 25}"
battery_collector,30000,11,24.0,100,0,0.227867,"{""(np.int64(2), np.int64(0), np.int64(1), np.int64(0))"": 1, ""(np.int64(2), np.int64(1), np.int64(1), np.int64(0))"": 25, ""(np.int64(2), np.int64(2), np.int64(0), np.int64(0))"": 25, ""(np.int64(1), np.int64(2), np.int64(0), np.int64(1))"": 25, ""(np.int64(1), np.int64(1), np.int64(0), np.int64(2))"": 24}","[0.25, 0.24, 0.25, 0.26]","{""battery_visits"": 25}"
battery_collector,30000,12,24.0,100,0,0.227867,"{""(np.int64(2), np.int64(0), np.int64(1), np.int64(0))"": 1, ""(np.int64(2), np.int64(1), np.int64(1), np.int64(0))"": 25, ""(np.int64(2), np.int64(2), np.int64(0), np.int64(0))"": 25, ""(np.int64(1), np.int64(2), np.int64(0), np.int64(1))"": 25, ""(np.int64(1), np.int64(1), np.int64(0), np.int64(2))"": 24}","[0.25, 0.24, 0.25, 0.26]","{""battery_visits"": 25}"
battery_collector,30000,13,24.0,100,0,0.227867,"{""(np.int64(2), np.int64(0), np.int64(1), np.int64(0))"": 1, ""(np.int64(2), np.int64(1), np.int64(1), np.int64(0))"": 25, ""(np.int64(2), np.int64(2), np.int64(0), np.int64(0))"": 25, ""(np.int64(1), np.int64(2), np.int64(0), np.int64(1))"": 25, ""(np.int64(1), np.int64(1), np.int64(0), np.int64(2))"": 24}","[0.25, 0.24, 0.25, 0.26]","{""battery_visits"": 25}"
battery_collector,30000,14,24.0,100,0,0.227867,"{""(np.int64(2), np.int64(0), np.int64(1), np.int64(0))"": 1, ""(np.int64(2), np.int64(1), np.int64(1), np.int64(0))"": 25, ""(np.int64(2), np.int64(2), np.int64(0), np.int64(0))"": 25, ""(np.int64(1), np.int64(2), np.int64(0), np.int64(1))"": 25, ""(np.int64(1), np.int64(1), np.int64(0), np.int64(2))"": 24}","[0.25, 0.24, 0.25, 0.26]","{""battery_visits"": 25}"
battery_collector,30000,15,24.0,100,0,0.227867,"{""(np.int64(2), np.int64(0), np.int64(1), np.int64(0))"": 1, ""(np.int64(2), np.int64(1), np.int64(1), np.int64(0))"": 25, ""(np.int64(2), np.int64(2), np.int64(0), np.int64(0))"": 25, ""(np.int64(1), np.int64(2), np.int64(0), np.int64(1))"": 25, ""(np.int64(1), np.int64(1), np.int64(0), np.int64(2))"": 24}","[0.25, 0.24, 0.25, 0.26]","{""battery_visits"": 25}"
battery_collector,30000,16,24.0,100,0,0.227867,"{""(np.int64(2), np.int64(0), np.int64(1), np.int64(0))"": 1, ""(np.int64(2), np.int64(1), np.int64(1), np.int64(0))"": 25, ""(np.int64(2), np.int64(2), np.int64(0), np.int64(0))"": 25, ""(np.int64(1), np.int64(2), np.int64(0), np.int64(1))"": 25, ""(np.int64(1), np.int64(1), np.int64(0), np.int64(2))"": 24}","[0.25, 0.24, 0.25, 0.26]","{""battery_visits"": 25}"
battery_collector,30000,17,24.0,100,0,0.227867,"{""(np.int64(2), np.int64(0), np.int64(1), np.int64(0))"": 1, ""(np.int64(2), np.int64(1), np.int64(1), np.int64(0))"": 25, ""(np.int64(2), np.int64(2), np.int64(0), np.int64(0))"": 25, ""(np.int64(1), np.int64(2), np.int64(0), np.int64(1))"": 25, ""(np.int64(1), np.int64(1), np.int64(0), np.int64(2))"": 24}","[0.25, 0.24, 0.25, 0.26]","{""battery_visits"": 25}"
battery_collector,30000,18,24.0,100,0,0.227867,"{""(np.int64(2), np.int64(0), np.int64(1), np.int64(0))"": 1, ""(np.int64(2), np.int64(1), np.int64(1), np.int64(0))"": 25, ""(np.int64(2), np.int64(2), np.int64(0), np.int64(0))"": 25, ""(np.int64(1), np.int64(2), np.int64(0), np.int64(1))"": 25, ""(np.int64(1), np.int64(1), np.int64(0), np.int64(2))"": 24}","[0.25, 0.24, 0.25, 0.26]","{""battery_visits"": 25}"
battery_collector,30000,19,24.0,100,0,0.227867,"{""(np.int64(2), np.int64(0), np.int64(1), np.int64(0))"": 1, ""(np.int64(2), np.int64(1), np.int64(1), np.int64(0))"": 25, ""(np.int64(2), np.int64(2), np.int64(0), np.int64(0))"": 25, ""(np.int64(1), np.int64(2), np.int64(0), np.int64(1))"": 25, ""(np.int64(1), np.int64(1), np.int64(0), np.int64(2))"": 24}","[0.25, 0.24, 0.25, 0.26]","{""battery_visits"": 25}"
battery_collector,40000,0,24.0,100,0,0.202755,"{""(np.int64(2), np.int64(0), np.int64(1), np.int64(0))"": 1, ""(np.int64(2), np.int64(1), np.int64(1), np.int64(0))"": 25, ""(np.int64(2), np.int64(2), np.int64(0), np.int64(0))"": 25, ""(np.int64(1), np.int64(2), np.int64(0), np.int64(1))"": 25, ""(np.int64(2), np.int64(2), np.int64(0), np.int64(2))"": 24}","[0.25, 0.25, 0.24, 0.26]","{""battery_visits"": 25}"
battery_collector,40000,1,24.0,100,0,0.202755,"{""(np.int64(2), np.int64(0), np.int64(1), np.int64(0))"": 1, ""(np.int64(2), np.int64(1), np.int64(1), np.int64(0))"": 25, ""(np.int64(2), np.int64(2), np.int64(0), np.int64(0))"": 25, ""(np.int64(1), np.int64(2), np.int64(0), np.int64(1))"": 25, ""(np.int64(2), np.int64(2), np.int64(0), np.int64(2))"": 24}","[0.25, 0.25, 0.24, 0.26]","{""battery_visits"": 25}"
battery_collector,40000,2,24.0,100,0,0.202755,"{""(np.int64(2), np.int64(0), np.int64(1), np.int64(0))"": 1, ""(np.int64(2), np.int64(1), np.int64(1), np.int64(0))"": 25, ""(np.int64(2), np.int64(2), np.int64(0), np.int64(0))"": 25, ""(np.int64(1), np.int64(2), np.int64(0), np.int64(1))"": 25, ""(np.int64(2), np.int64(2), np.int64(0), np.int64(2))"": 24}","[0.25, 0.25, 0.24, 0.26]","{""battery_visits"": 25}"
battery_collector,40000,3,24.0,100,0,0.202755,"{""(np.int64(2), np.int64(0), np.int64(1), np.int64(0))"": 1, ""(np.int64(2), np.int64(1), np.int64(1), np.int64(0))"": 25, ""(np.int64(2), np.int64(2), np.int64(0), np.int64(0))"": 25, ""(np.int64(1), np.int64(2), np.int64(0), np.int64(1))"": 25, ""(np.int64(2), np.int64(2), np.int64(0), np.int64(2))"": 24}","[0.25, 0.25, 0.24, 0.26]","{""battery_visits"": 25}"
battery_collector,40000,4,24.0,100,0,0.202755,"{""(np.int64(2), np.int64(0), np.int64(1), np.int64(0))"": 1, ""(np.int64(2), np.int64(1), np.int64(1), np.int64(0))"": 25, ""(np.int64(2), np.int64(2), np.int64(0), np.int64(0))"": 25, ""(np.int64(1), np.int64(2), np.int64(0), np.int64(1))"": 25, ""(np.int64(2), np.int64(2), np.int64(0), np.int64(2))"": 24}","[0.25, 0.25, 0.24, 0.26]","{""battery_visits"": 25}"
battery_collector,40000,5,24.0,100,0,0.202755,"{""(np.int64(2), np.int64(0), np.int64(1), np.int64(0))"": 1, ""(np.int64(2), np.int64(1), np.int64(1), np.int64(0))"": 25, ""(np.int64(2), np.int64(2), np.int64(0), np.int64(0))"": 25, ""(np.int64(1), np.int64(2), np.int64(0), np.int64(1))"": 25, ""(np.int64(2), np.int64(2), np.int64(0), np.int64(2))"": 24}","[0.25, 0.25, 0.24, 0.26]","{""battery_visits"": 25}"
battery_collector,40000,6,24.0,100,0,0.202755,"{""(np.int64(2), np.int64(0), np.int64(1), np.int64(0))"": 1, ""(np.int64(2), np.int64(1), np.int64(1), np.int64(0))"": 25, ""(np.int64(2), np.int64(2), np.int64(0), np.int64(0))"": 25, ""(np.int64(1), np.int64(2), np.int64(0), np.int64(1))"": 25, ""(np.int64(2), np.int64(2), np.int64(0), np.int64(2))"": 24}","[0.25, 0.25, 0.24, 0.26]","{""battery_visits"": 25}"
battery_collector,40000,7,24.0,100,0,0.202755,"{""(np.int64(2), np.int64(0), np.int64(1), np.int64(0))"": 1, ""(np.int64(2), np.int64(1), np.int64(1), np.int64(0))"": 25, ""(np.int64(2), np.int64(2), np.int64(0), np.int64(0))"": 25, ""(np.int64(1), np.int64(2), np.int64(0), np.int64(1))"": 25, ""(np.int64(2), np.int64(2), np.int64(0), np.int64(2))"": 24}","[0.25, 0.25, 0.24, 0.26]","{""battery_visits"": 25}"
battery_collector,40000,8,24.0,100,0,0.202755,"{""(np.int64(2), np.int64(0), np.int64(1), np.int64(0))"": 1, ""(np.int64(2), np.int64(1), np.int64(1), np.int64(0))"": 25, ""(np.int64(2), np.int64(2), np.int64(0), np.int64(0))"": 25, ""(np.int64(1), np.int64(2), np.int64(0), np.int64(1))"": 25, ""(np.int64(2), np.int64(2), np.int64(0), np.int64(2))"": 24}","[0.25, 0.25, 0.24, 0.26]","{""battery_visits"": 25}"
battery_collector,40000,9,24.0,100,0,0.202755,"{""(np.int64(2), np.int64(0), np.int64(1), np.int64(0))"": 1, ""(np.int64(2), np.int64(1), np.int64(1), np.int64(0))"": 25, ""(np.int64(2), np.int64(2), np.int64(0), np.int64(0))"": 25, ""(np.int64(1), np.int64(2), np.int64(0), np.int64(1))"": 25, ""(np.int64(2), np.int64(2), np.int64(0), np.int64(2))"": 24}","[0.25, 0.25, 0.24, 0.26]","{""battery_visits"": 25}"
battery_collector,40000,10,24.0,100,0,0.202755,"{""(np.int64(2), np.int64(0), np.int64(1), np.int64(0))"": 1, ""(np.int64(2), np.int64(1), np.int64(1), np.int64(0))"": 25, ""(np.int64(2), np.int64(2), np.int64(0), np.int64(0))"": 25, ""(np.int64(1), np.int64(2), np.int64(0), np.int64(1))"": 25, ""(np.int64(2), np.int64(2), np.int64(0), np.int64(2))"": 24}","[0.25, 0.25, 0.24, 0.26]","{""battery_visits"": 25}"
battery_collector,40000,11,24.0,100,0,0.202755,"{""(np.int64(2), np.int64(0), np.int64(1), np.int64(0))"": 1, ""(np.int64(2), np.int64(1), np.int64(1), np.int64(0))"": 25, ""(np.int64(2), np.int64(2), np.int64(0), np.int64(0))"": 25, ""(np.int64(1), np.int64(2), np.int64(0), np.int64(1))"": 25, ""(np.int64(2), np.int64(2), np.int64(0), np.int64(2))"": 24}","[0.25, 0.25, 0.24, 0.26]","{""battery_visits"": 25}"
battery_collector,40000,12,24.0,100,0,0.202755,"{""(np.int64(2), np.int64(0), np.int64(1), np.int64(0))"": 1, ""(np.int64(2), np.int64(1), np.int64(1), np.int64(0))"": 25, ""(np.int64(2), np.int64(2), np.int64(0), np.int64(0))"": 25, ""(np.int64(1), np.int64(2), np.int64(0), np.int64(1))"": 25, ""(np.int64(2), np.int64(2), np.int64(0), np.int64(2))"": 24}","[0.25, 0.25, 0.24, 0.26]","{""battery_visits"": 25}"
battery_collector,40000,13,24.0,100,0,0.202755,"{""(np.int64(2), np.int64(0), np.int64(1), np.int64(0))"": 1, ""(np.int64(2), np.int64(1), np.int64(1), np.int64(0))"": 25, ""(np.int64(2), np.int64(2), np.int64(0), np.int64(0))"": 25, ""(np.int64(1), np.int64(2), np.int64(0), np.int64(1))"": 25, ""(np.int64(2), np.int64(2), np.int64(0), np.int64(2))"": 24}","[0.25, 0.25, 0.24, 0.26]","{""battery_visits"": 25}"
battery_collector,40000,14,24.0,100,0,0.202755,"{""(np.int64(2), np.int64(0), np.int64(1), np.int64(0))"": 1, ""(np.int64(2), np.int64(1), np.int64(1), np.int64(0))"": 25, ""(np.int64(2), np.int64(2), np.int64(0), np.int64(0))"": 25, ""(np.int64(1), np.int64(2), np.int64(0), np.int64(1))"": 25, ""(np.int64(2), np.int64(2), np.int64(0), np.int64(2))"": 24}","[0.25, 0.25, 0.24, 0.26]","{""battery_visits"": 25}"
battery_collector,40000,15,24.0,100,0,0.202755,"{""(np.int64(2), np.int64(0), np.int64(1), np.int64(0))"": 1, ""(np.int64(2), np.int64(1), np.int64(1), np.int64(0))"": 25, ""(np.int64(2), np.int64(2), np.int64(0), np.int64(0))"": 25, ""(np.int64(1), np.int64(2), np.int64(0), np.int64(1))"": 25, ""(np.int64(2), np.int64(2), np.int64(0), np.int64(2))"": 24}","[0.25, 0.25, 0.24, 0.26]","{""battery_visits"": 25}"
battery_collector,40000,16,24.0,100,0,0.202755,"{""(np.int64(2), np.int64(0), np.int64(1), np.int64(0))"": 1, ""(np.int64(2), np.int64(1), np.int64(1), np.int64(0))"": 25, ""(np.int64(2), np.int64(2), np.int64(0), np.int64(0))"": 25, ""(np.int64(1), np.int64(2), np.int64(0), np.int64(1))"": 25, ""(np.int64(2), np.int64(2), np.int64(0), np.int64(2))"": 24}","[0.25, 0.25, 0.24, 0.26]","{""battery_visits"": 25}"
battery_collector,40000,17,24.0,100,0,0.202755,"{""(np.int64(2), np.int64(0), np.int64(1), np.int64(0))"": 1, ""(np.int64(2), np.int64(1), np.int64(1), np.int64(0))"": 25, ""(np.int64(2), np.int64(2), np.int64(0), np.int64(0))"": 25, ""(np.int64(1), np.int64(2), np.int64(0), np.int64(1))"": 25, ""(np.int64(2), np.int64(2), np.int64(0), np.int64(2))"": 24}","[0.25, 0.25, 0.24, 0.26]","{""battery_visits"": 25}"
battery_collector,40000,18,24.0,100,0,0.202755,"{""(np.int64(2), np.int64(0), np.int64(1), np.int64(0))"": 1, ""(np.int64(2), np.int64(1), np.int64(1), np.int64(0))"": 25, ""(np.int64(2), np.int64(2), np.int64(0), np.int64(0))"": 25, ""(np.int64(1), np.int64(2), np.int64(0), np.int64(1))"": 25, ""(np.int64(2), np.int64(2), np.int64(0), np.int64(2))"": 24}","[0.25, 0.25, 0.24, 0.26]","{""battery_visits"": 25}"
battery_collector,40000,19,24.0,100,0,0.202755,"{""(np.int64(2), np.int64(0), np.int64(1), np.int64(0))"": 1, ""(np.int64(2), np.int64(1), np.int64(1), np.int64(0))"": 25, ""(np.int64(2), np.int64(2), np.int64(0), np.int64(0))"": 25, ""(np.int64(1), np.int64(2), np.int64(0), np.int64(1))"": 25, ""(np.int64(2), np.int64(2), np.int64(0), np.int64(2))"": 24}","[0.25, 0.25, 0.24, 0.26]","{""battery_visits"": 25}"
battery_collector,50000,0,24.0,100,0,0.169459,"{""(np.int64(2), np.int64(0), np.int64(1), np.int64(0))"": 1, ""(np.int64(2), np.int64(1), np.int64(1), np.int64(0))"": 25, ""(np.int64(2), np.int64(2), np.int64(0), np.int64(0))"": 25, ""(np.int64(2), np.int64(1), np.int64(0), np.int64(1))"": 25, ""(np.int64(2), np.int64(2), np.int64(0), np.int64(2))"": 24}","[0.0, 0.0, 0.49, 0.51]","{""battery_visits"": 25}"
battery_collector,50000,1,24.0,100,0,0.169459,"{""(np.int64(2), np.int64(0), np.int64(1), np.int64(0))"": 1, ""(np.int64(2), np.int64(1), np.int64(1), np.int64(0))"": 25, ""(np.int64(2), np.int64(2), np.int64(0), np.int64(0))"": 25, ""(np.int64(2), np.int64(1), np.int64(0), np.int64(1))"": 25, ""(np.int64(2), np.int64(2), np.int64(0), np.int64(2))"": 24}","[0.0, 0.0, 0.49, 0.51]","{""battery_visits"": 25}"
battery_collector,50000,2,24.0,100,0,0.169459,"{""(np.int64(2), np.int64(0), np.int64(1), np.int64(0))"": 1, ""(np.int64(2), np.int64(1), np.int64(1), np.int64(0))"": 25, ""(np.int64(2), np.int64(2), np.int64(0), np.int64(0))"": 25, ""(np.int64(2), np.int64(1), np.int64(0), np.int64(1))"": 25, ""(np.int64(2), np.int64(2), np.int64(0), np.int64(2))"": 24}","[0.0, 0.0, 0.49, 0.51]","{""battery_visits"": 25}"
battery_collector,50000,3,24.0,100,0,0.169459,"{""(np.int64(2), np.int64(0), np.int64(1), np.int64(0))"": 1, ""(np.int64(2), np.int64(1), np.int64(1), np.int64(0))"": 25, ""(np.int64(2), np.int64(2), np.int64(0), np.int64(0))"": 25, ""(np.int64(2), np.int64(1), np.int64(0), np.int64(1))"": 25, ""(np.int64(2), np.int64(2), np.int64(0), np.int64(2))"": 24}","[0.0, 0.0, 0.49, 0.51]","{""battery_visits"": 25}"
battery_collector,50000,4,24.0,100,0,0.169459,"{""(np.int64(2), np.int64(0), np.int64(1), np.int64(0))"": 1, ""(np.int64(2), np.int64(1), np.int64(1), np.int64(0))"": 25, ""(np.int64(2), np.int64(2), np.int64(0), np.int64(0))"": 25, ""(np.int64(2), np.int64(1), np.int64(0), np.int64(1))"": 25, ""(np.int64(2), np.int64(2), np.int64(0), np.int64(2))"": 24}","[0.0, 0.0, 0.49, 0.51]","{""battery_visits"": 25}"
battery_collector,50000,5,24.0,100,0,0.169459,"{""(np.int64(2), np.int64(0), np.int64(1), np.int64(0))"": 1, ""(np.int64(2), np.int64(1), np.int64(1), np.int64(0))"": 25, ""(np.int64(2), np.int64(2), np.int64(0), np.int64(0))"": 25, ""(np.int64(2), np.int64(1), np.int64(0), np.int64(1))"": 25, ""(np.int64(2), np.int64(2), np.int64(0), np.int64(2))"": 24}","[0.0, 0.0, 0.49, 0.51]","{""battery_visits"": 25}"
battery_collector,50000,6,24.0,100,0,0.169459,"{""(np.int64(2), np.int64(0), np.int64(1), np.int64(0))"": 1, ""(np.int64(2), np.int64(1), np.int64(1), np.int64(0))"": 25, ""(np.int64(2), np.int64(2), np.int64(0), np.int64(0))"": 25, ""(np.int64(2), np.int64(1), np.int64(0), np.int64(1))"": 25, ""(np.int64(2), np.int64(2), np.int64(0), np.int64(2))"": 24}","[0.0, 0.0, 0.49, 0.51]","{""battery_visits"": 25}"
battery_collector,50000,7,24.0,100,0,0.169459,"{""(np.int64(2), np.int64(0), np.int64(1), np.int64(0))"": 1, ""(np.int64(2), np.int64(1), np.int64(1), np.int64(0))"": 25, ""(np.int64(2), np.int64(2), np.int64(0), np.int64(0))"": 25, ""(np.int64(2), np.int64(1), np.int64(0), np.int64(1))"": 25, ""(np.int64(2), np.int64(2), np.int64(0), np.int64(2))"": 24}","[0.0, 0.0, 0.49, 0.51]","{""battery_visits"": 25}"
battery_collector,50000,8,24.0,100,0,0.169459,"{""(np.int64(2), np.int64(0), np.int64(1), np.int64(0))"": 1, ""(np.int64(2), np.int64(1), np.int64(1), np.int64(0))"": 25, ""(np.int64(2), np.int64(2), np.int64(0), np.int64(0))"": 25, ""(np.int64(2), np.int64(1), np.int64(0), np.int64(1))"": 25, ""(np.int64(2), np.int64(2), np.int64(0), np.int64(2))"": 24}","[0.0, 0.0, 0.49, 0.51]","{""battery_visits"": 25}"
battery_collector,50000,9,24.0,100,0,0.169459,"{""(np.int64(2), np.int64(0), np.int64(1), np.int64(0))"": 1, ""(np.int64(2), np.int64(1), np.int64(1), np.int64(0))"": 25, ""(np.int64(2), np.int64(2), np.int64(0), np.int64(0))"": 25, ""(np.int64(2), np.int64(1), np.int64(0), np.int64(1))"": 25, ""(np.int64(2), np.int64(2), np.int64(0), np.int64(2))"": 24}","[0.0, 0.0, 0.49, 0.51]","{""battery_visits"": 25}"
battery_collector,50000,10,24.0,100,0,0.169459,"{""(np.int64(2), np.int64(0), np.int64(1), np.int64(0))"": 1, ""(np.int64(2), np.int64(1), np.int64(1), np.int64(0))"": 25, ""(np.int64(2), np.int64(2), np.int64(0), np.int64(0))"": 25, ""(np.int64(2), np.int64(1), np.int64(0), np.int64(1))"": 25, ""(np.int64(2), np.int64(2), np.int64(0), np.int64(2))"": 24}","[0.0, 0.0, 0.49, 0.51]","{""battery_visits"": 25}"
battery_collector,50000,11,24.0,100,0,0.169459,"{""(np.int64(2), np.int64(0), np.int64(1), np.int64(0))"": 1, ""(np.int64(2), np.int64(1), np.int64(1), np.int64(0))"": 25, ""(np.int64(2), np.int64(2), np.int64(0), np.int64(0))"": 25, ""(np.int64(2), np.int64(1), np.int64(0), np.int64(1))"": 25, ""(np.int64(2), np.int64(2), np.int64(0), np.int64(2))"": 24}","[0.0, 0.0, 0.49, 0.51]","{""battery_visits"": 25}"
battery_collector,50000,12,24.0,100,0,0.169459,"{""(np.int64(2), np.int64(0), np.int64(1), np.int64(0))"": 1, ""(np.int64(2), np.int64(1), np.int64(1), np.int64(0))"": 25, ""(np.int64(2), np.int64(2), np.int64(0), np.int64(0))"": 25, ""(np.int64(2), np.int64(1), np.int64(0), np.int64(1))"": 25, ""(np.int64(2), np.int64(2), np.int64(0), np.int64(2))"": 24}","[0.0, 0.0, 0.49, 0.51]","{""battery_visits"": 25}"
battery_collector,50000,13,24.0,100,0,0.169459,"{""(np.int64(2), np.int64(0), np.int64(1), np.int64(0))"": 1, ""(np.int64(2), np.int64(1), np.int64(1), np.int64(0))"": 25, ""(np.int64(2), np.int64(2), np.int64(0), np.int64(0))"": 25, ""(np.int64(2), np.int64(1), np.int64(0), np.int64(1))"": 25, ""(np.int64(2), np.int64(2), np.int64(0), np.int64(2))"": 24}","[0.0, 0.0, 0.49, 0.51]","{""battery_visits"": 25}"
battery_collector,50000,14,24.0,100,0,0.169459,"{""(np.int64(2), np.int64(0), np.int64(1), np.int64(0))"": 1, ""(np.int64(2), np.int64(1), np.int64(1), np.int64(0))"": 25, ""(np.int64(2), np.int64(2), np.int64(0), np.int64(0))"": 25, ""(np.int64(2), np.int64(1), np.int64(0), np.int64(1))"": 25, ""(np.int64(2), np.int64(2), np.int64(0), np.int64(2))"": 24}","[0.0, 0.0, 0.49, 0.51]","{""battery_visits"": 25}"
battery_collector,50000,15,24.0,100,0,0.169459,"{""(np.int64(2), np.int64(0), np.int64(1), np.int64(0))"": 1, ""(np.int64(2), np.int64(1), np.int64(1), np.int64(0))"": 25, ""(np.int64(2), np.int64(2), np.int64(0), np.int64(0))"": 25, ""(np.int64(2), np.int64(1), np.int64(0), np.int64(1))"": 25, ""(np.int64(2), np.int64(2), np.int64(0), np.int64(2))"": 24}","[0.0, 0.0, 0.49, 0.51]","{""battery_visits"": 25}"
battery_collector,50000,16,24.0,100,0,0.169459,"{""(np.int64(2), np.int64(0), np.int64(1), np.int64(0))"": 1, ""(np.int64(2), np.int64(1), np.int64(1), np.int64(0))"": 25, ""(np.int64(2), np.int64(2), np.int64(0), np.int64(0))"": 25, ""(np.int64(2), np.int64(1), np.int64(0), np.int64(1))"": 25, ""(np.int64(2), np.int64(2), np.int64(0), np.int64(2))"": 24}","[0.0, 0.0, 0.49, 0.51]","{""battery_visits"": 25}"
battery_collector,50000,17,24.0,100,0,0.169459,"{""(np.int64(2), np.int64(0), np.int64(1), np.int64(0))"": 1, ""(np.int64(2), np.int64(1), np.int64(1), np.int64(0))"": 25, ""(np.int64(2), np.int64(2), np.int64(0), np.int64(0))"": 25, ""(np.int64(2), np.int64(1), np.int64(0), np.int64(1))"": 25, ""(np.int64(2), np.int64(2), np.int64(0), np.int64(2))"": 24}","[0.0, 0.0, 0.49, 0.51]","{""battery_visits"": 25}"
battery_collector,50000,18,24.0,100,0,0.169459,"{""(np.int64(2), np.int64(0), np.int64(1), np.int64(0))"": 1, ""(np.int64(2), np.int64(1), np.int64(1), np.int64(0))"": 25, ""(np.int64(2), np.int64(2), np.int64(0), np.int64(0))"": 25, ""(np.int64(2), np.int64(1), np.int64(0), np.int64(1))"": 25, ""(np.int64(2), np.int64(2), np.int64(0), np.int64(2))"": 24}","[0.0, 0.0, 0.49, 0.51]","{""battery_visits"": 25}"
battery_collector,50000,19,24.0,100,0,0.169459,"{""(np.int64(2), np.int64(0), np.int64(1), np.int64(0))"": 1, ""(np.int64(2), np.int64(1), np.int64(1), np.int64(0))"": 25, ""(np.int64(2), np.int64(2), np.int64(0), np.int64(0))"": 25, ""(np.int64(2), np.int64(1), np.int64(0), np.int64(1))"": 25, ""(np.int64(2), np.int64(2), np.int64(0), np.int64(2))"": 24}","[0.0, 0.0, 0.49, 0.51]","{""battery_visits"": 25}"
